{"cameraMode":{"drawMode":0,"name":"Shaded","section":"Shading Mode"},"sceneLighting":true,"audioPlay":false,"sceneViewState":{"showFog":true,"showMaterialUpdate":false,"showSkybox":true,"showFlares":true,"showImageEffects":true,"showParticleSystems":true},"in2DMode":false,"pivot":{"x":-57.6544189453125,"y":-93.89584350585938,"z":1015.6544189453125},"rotation":{"x":-0.05155911669135094,"y":0.29538124799728396,"z":-0.015963872894644738,"w":-0.9538537263870239},"size":940.9210815429688,"orthographic":true}