{"cameraMode":{"drawMode":0,"name":"Shaded","section":"Shading Mode"},"sceneLighting":true,"audioPlay":false,"sceneViewState":{"showFog":true,"showMaterialUpdate":false,"showSkybox":true,"showFlares":true,"showImageEffects":true,"showParticleSystems":true},"in2DMode":false,"pivot":{"x":-2.513357639312744,"y":4.38477897644043,"z":42.669254302978519},"rotation":{"x":-0.01105460338294506,"y":0.8216356039047241,"z":-0.016061538830399514,"w":-0.5696795582771301},"size":10.828047752380371,"orthographic":true}