{"cameraMode":{"drawMode":0,"name":"Shaded","section":"Shading Mode"},"sceneLighting":true,"audioPlay":false,"sceneViewState":{"showFog":true,"showMaterialUpdate":false,"showSkybox":true,"showFlares":true,"showImageEffects":true,"showParticleSystems":true},"in2DMode":false,"pivot":{"x":1.417410135269165,"y":2.058741569519043,"z":-14.84647274017334},"rotation":{"x":0.3795892000198364,"y":0.013876554556190968,"z":-0.005694299470633268,"w":0.9250335693359375},"size":27.234041213989259,"orthographic":false}