{"cameraMode":{"drawMode":0,"name":"Shaded","section":"Shading Mode"},"sceneLighting":true,"audioPlay":false,"sceneViewState":{"showFog":true,"showMaterialUpdate":false,"showSkybox":true,"showFlares":true,"showImageEffects":true,"showParticleSystems":true},"in2DMode":false,"pivot":{"x":-4.1014862060546879,"y":-1.090327262878418,"z":-10.084938049316407},"rotation":{"x":0.2134360820055008,"y":-0.2838778495788574,"z":0.06497268378734589,"w":0.9325433373451233},"size":35.531864166259769,"orthographic":false}