{"cameraMode":{"drawMode":0,"name":"Shaded","section":"Shading Mode"},"sceneLighting":true,"audioPlay":false,"sceneViewState":{"showFog":true,"showMaterialUpdate":false,"showSkybox":true,"showFlares":true,"showImageEffects":true,"showParticleSystems":true},"in2DMode":false,"pivot":{"x":-63.35905838012695,"y":8.609375,"z":11.38871955871582},"rotation":{"x":0.02452239952981472,"y":0.9466723799705505,"z":-0.3125600516796112,"w":0.0742727741599083},"size":83.81156921386719,"orthographic":true}