{"cameraMode":{"drawMode":0,"name":"Shaded","section":"Shading Mode"},"sceneLighting":true,"audioPlay":false,"sceneViewState":{"showFog":true,"showMaterialUpdate":false,"showSkybox":true,"showFlares":true,"showImageEffects":true,"showParticleSystems":true},"in2DMode":false,"pivot":{"x":-1.0,"y":3.472813606262207,"z":10.637858390808106},"rotation":{"x":0.012681233696639538,"y":-0.5340023040771484,"z":0.008010591380298138,"w":0.8453500270843506},"size":16.570960998535158,"orthographic":true}