{"cameraMode":{"drawMode":0,"name":"Shaded","section":"Shading Mode"},"sceneLighting":true,"audioPlay":false,"sceneViewState":{"showFog":true,"showMaterialUpdate":false,"showSkybox":true,"showFlares":true,"showImageEffects":true,"showParticleSystems":true},"in2DMode":false,"pivot":{"x":-1.8028717041015626,"y":-67.5988998413086,"z":748.4299926757813},"rotation":{"x":-0.03749170899391174,"y":-0.9135826230049133,"z":0.08659154176712036,"w":-0.3955541253089905},"size":988.5161743164063,"orthographic":true}