{"cameraMode":{"drawMode":0,"name":"Shaded","section":"Shading Mode"},"sceneLighting":true,"audioPlay":false,"sceneViewState":{"showFog":true,"showMaterialUpdate":false,"showSkybox":true,"showFlares":true,"showImageEffects":true,"showParticleSystems":true},"in2DMode":false,"pivot":{"x":-0.000009059906005859375,"y":3.475101947784424,"z":16.11439323425293},"rotation":{"x":0.15461964905261994,"y":0.249577596783638,"z":-0.040407612919807437,"w":0.9550763964653015},"size":17.99962615966797,"orthographic":true}