{"cameraMode":{"drawMode":0,"name":"Shaded","section":"Shading Mode"},"sceneLighting":true,"audioPlay":false,"sceneViewState":{"showFog":true,"showMaterialUpdate":false,"showSkybox":true,"showFlares":true,"showImageEffects":true,"showParticleSystems":true},"in2DMode":false,"pivot":{"x":-1.8028717041015626,"y":-35.462623596191409,"z":803.4299926757813},"rotation":{"x":-0.0010619357926771045,"y":-0.7068971991539002,"z":-0.0010591960744932294,"w":0.7073147296905518},"size":465.54400634765627,"orthographic":true}