{"cameraMode":{"drawMode":0,"name":"Shaded","section":"Shading Mode"},"sceneLighting":true,"audioPlay":false,"sceneViewState":{"showFog":true,"showMaterialUpdate":false,"showSkybox":true,"showFlares":true,"showImageEffects":true,"showParticleSystems":true},"in2DMode":false,"pivot":{"x":-9.648605346679688,"y":-25.078575134277345,"z":731.1614379882813},"rotation":{"x":0.1428830325603485,"y":-0.7421662211418152,"z":0.16752377152442933,"w":0.6330162882804871},"size":1194.947265625,"orthographic":true}