{"cameraMode":{"drawMode":0,"name":"Shaded","section":"Shading Mode"},"sceneLighting":true,"audioPlay":false,"sceneViewState":{"showFog":true,"showMaterialUpdate":false,"showSkybox":true,"showFlares":true,"showImageEffects":true,"showParticleSystems":true},"in2DMode":false,"pivot":{"x":-842.5836181640625,"y":218.08050537109376,"z":208.1211395263672},"rotation":{"x":0.11485988646745682,"y":-0.0809691920876503,"z":0.00939532183110714,"w":0.9900318384170532},"size":188.5264129638672,"orthographic":true}