{"cameraMode":{"drawMode":0,"name":"Shaded","section":"Shading Mode"},"sceneLighting":true,"audioPlay":false,"sceneViewState":{"showFog":true,"showMaterialUpdate":false,"showSkybox":true,"showFlares":true,"showImageEffects":true,"showParticleSystems":true},"in2DMode":false,"pivot":{"x":-65.6544189453125,"y":-140.995849609375,"z":1261.6544189453125},"rotation":{"x":-0.00039590976666659117,"y":0.9993836283683777,"z":-0.032991476356983188,"w":-0.01199323683977127},"size":1047.554443359375,"orthographic":true}