{"cameraMode":{"drawMode":0,"name":"Shaded","section":"Shading Mode"},"sceneLighting":true,"audioPlay":false,"sceneViewState":{"showFog":true,"showMaterialUpdate":false,"showSkybox":true,"showFlares":true,"showImageEffects":true,"showParticleSystems":true},"in2DMode":false,"pivot":{"x":-1.8028717041015626,"y":-40.962623596191409,"z":748.4299926757813},"rotation":{"x":0.009999949485063553,"y":-0.9861865639686585,"z":0.15207503736019135,"w":0.06487976759672165},"size":473.5605773925781,"orthographic":true}