{"cameraMode":{"drawMode":0,"name":"Shaded","section":"Shading Mode"},"sceneLighting":true,"audioPlay":false,"sceneViewState":{"showFog":true,"showMaterialUpdate":false,"showSkybox":true,"showFlares":true,"showImageEffects":true,"showParticleSystems":true},"in2DMode":false,"pivot":{"x":-1.1127243041992188,"y":-65.17790985107422,"z":805.908447265625},"rotation":{"x":0.01594633236527443,"y":0.6504049897193909,"z":0.013661911711096764,"w":-0.7592973709106445},"size":110.14454650878906,"orthographic":true}