{"cameraMode":{"drawMode":0,"name":"Shaded","section":"Shading Mode"},"sceneLighting":true,"audioPlay":false,"sceneViewState":{"showFog":true,"showMaterialUpdate":false,"showSkybox":true,"showFlares":true,"showImageEffects":true,"showParticleSystems":true},"in2DMode":false,"pivot":{"x":-0.4999961853027344,"y":-108.00001525878906,"z":442.0},"rotation":{"x":-0.20511384308338166,"y":0.7287546396255493,"z":-0.24718524515628816,"w":-0.6047681570053101},"size":196.75454711914063,"orthographic":true}