{"cameraMode":{"drawMode":0,"name":"Shaded","section":"Shading Mode"},"sceneLighting":true,"audioPlay":false,"sceneViewState":{"showFog":true,"showMaterialUpdate":false,"showSkybox":true,"showFlares":true,"showImageEffects":true,"showParticleSystems":true},"in2DMode":false,"pivot":{"x":-0.6399999856948853,"y":-0.23000001907348634,"z":-3.0999999046325685},"rotation":{"x":-0.029995201155543329,"y":-0.004497953224927187,"z":0.00013497918553184718,"w":-0.9995399713516235},"size":7.362061500549316,"orthographic":false}