{"cameraMode":{"drawMode":0,"name":"Shaded","section":"Shading Mode"},"sceneLighting":true,"audioPlay":false,"sceneViewState":{"showFog":true,"showMaterialUpdate":false,"showSkybox":true,"showFlares":true,"showImageEffects":true,"showParticleSystems":true},"in2DMode":false,"pivot":{"x":2.8754281997680666,"y":2.1989662647247316,"z":-2.9434499740600588},"rotation":{"x":-0.02841791696846485,"y":0.9715031981468201,"z":-0.17258161306381226,"w":-0.15997111797332765},"size":28.947866439819337,"orthographic":false}