{"cameraMode":{"drawMode":0,"name":"Shaded","section":"Shading Mode"},"sceneLighting":true,"audioPlay":true,"sceneViewState":{"showFog":true,"showMaterialUpdate":true,"showSkybox":true,"showFlares":true,"showImageEffects":true,"showParticleSystems":true},"in2DMode":false,"pivot":{"x":336.7466125488281,"y":-39.026634216308597,"z":6.6106767654418949},"rotation":{"x":-0.03876180574297905,"y":-0.16470448672771455,"z":0.006482178345322609,"w":-0.9855597615242004},"size":126.24525451660156,"orthographic":false}