{"cameraMode":{"drawMode":0,"name":"Shaded","section":"Shading Mode"},"sceneLighting":false,"audioPlay":false,"sceneViewState":{"showFog":true,"showMaterialUpdate":false,"showSkybox":false,"showFlares":true,"showImageEffects":true,"showParticleSystems":true},"in2DMode":false,"pivot":{"x":430.56884765625,"y":-99.79569244384766,"z":0.0037927627563476564},"rotation":{"x":-0.051331885159015658,"y":-0.09752988070249558,"z":0.005032465793192387,"w":-0.9938952326774597},"size":421.8305358886719,"orthographic":false}