{"cameraMode":{"drawMode":0,"name":"Shaded","section":"Shading Mode"},"sceneLighting":true,"audioPlay":true,"sceneViewState":{"showFog":true,"showMaterialUpdate":true,"showSkybox":true,"showFlares":true,"showImageEffects":true,"showParticleSystems":true},"in2DMode":false,"pivot":{"x":162.7547607421875,"y":26.186542510986329,"z":1.1826171875},"rotation":{"x":0.3487323522567749,"y":0.07159318774938584,"z":-0.026729291304945947,"w":0.9341015219688416},"size":210.96693420410157,"orthographic":false}