{"cameraMode":{"drawMode":0,"name":"Shaded","section":"Shading Mode"},"sceneLighting":false,"audioPlay":false,"sceneViewState":{"showFog":true,"showMaterialUpdate":false,"showSkybox":false,"showFlares":true,"showImageEffects":true,"showParticleSystems":true},"in2DMode":false,"pivot":{"x":338.2410888671875,"y":-19.410123825073243,"z":-3.805159091949463},"rotation":{"x":-0.12578116357326508,"y":-0.4649062156677246,"z":0.06659416109323502,"w":-0.8738458156585693},"size":16.323829650878908,"orthographic":false}