{"cameraMode":{"drawMode":0,"name":"Shaded","section":"Shading Mode"},"sceneLighting":true,"audioPlay":true,"sceneViewState":{"showFog":true,"showMaterialUpdate":true,"showSkybox":true,"showFlares":true,"showImageEffects":true,"showParticleSystems":true},"in2DMode":false,"pivot":{"x":288.94342041015627,"y":31.379322052001954,"z":0.000019073486328125},"rotation":{"x":-0.019808372482657434,"y":-0.005085777025669813,"z":0.00010407342779217288,"w":-0.9997909069061279},"size":35.92887496948242,"orthographic":false}