{"cameraMode":{"drawMode":2,"name":"Shaded Wireframe","section":"Shading Mode"},"sceneLighting":false,"audioPlay":false,"sceneViewState":{"showFog":true,"showMaterialUpdate":false,"showSkybox":false,"showFlares":true,"showImageEffects":true,"showParticleSystems":true},"in2DMode":false,"pivot":{"x":-0.7396812438964844,"y":3.7111682891845705,"z":1.2734375},"rotation":{"x":0.00033283894299529493,"y":0.9984422922134399,"z":-0.055470552295446399,"w":0.005990707781165838},"size":14.16396427154541,"orthographic":true}