{"cameraMode":{"drawMode":1,"name":"Wireframe","section":"Shading Mode"},"sceneLighting":false,"audioPlay":false,"sceneViewState":{"showFog":true,"showMaterialUpdate":false,"showSkybox":false,"showFlares":true,"showImageEffects":true,"showParticleSystems":true},"in2DMode":false,"pivot":{"x":-25.402542114257814,"y":0.8746094703674316,"z":44.85982894897461},"rotation":{"x":0.6353445649147034,"y":-0.20768891274929048,"z":0.18304035067558289,"w":0.720901370048523},"size":17.324352264404298,"orthographic":true}