{"cameraMode":{"drawMode":0,"name":"Shaded","section":"Shading Mode"},"sceneLighting":false,"audioPlay":false,"sceneViewState":{"showFog":true,"showMaterialUpdate":false,"showSkybox":false,"showFlares":true,"showImageEffects":true,"showParticleSystems":true},"in2DMode":false,"pivot":{"x":59.73305892944336,"y":-2.615267753601074,"z":44.81174087524414},"rotation":{"x":0.028314312919974328,"y":0.7037848830223084,"z":-0.02809423767030239,"w":0.7092925310134888},"size":22.83326530456543,"orthographic":true}