{"cameraMode":{"drawMode":2,"name":"Shaded Wireframe","section":"Shading Mode"},"sceneLighting":false,"audioPlay":false,"sceneViewState":{"showFog":true,"showMaterialUpdate":false,"showSkybox":false,"showFlares":true,"showImageEffects":true,"showParticleSystems":true},"in2DMode":false,"pivot":{"x":0.0,"y":0.9634580612182617,"z":15.000003814697266},"rotation":{"x":0.7492223381996155,"y":-0.0029806550592184068,"z":0.0033712834119796755,"w":0.6623033285140991},"size":22.039087295532228,"orthographic":true}