{"cameraMode":{"drawMode":0,"name":"Shaded","section":"Shading Mode"},"sceneLighting":false,"audioPlay":false,"sceneViewState":{"showFog":true,"showMaterialUpdate":false,"showSkybox":false,"showFlares":true,"showImageEffects":true,"showParticleSystems":true},"in2DMode":false,"pivot":{"x":-35.76295471191406,"y":-24.588764190673829,"z":63.678768157958987},"rotation":{"x":0.5322282314300537,"y":-0.14566877484321595,"z":0.09355375170707703,"w":0.8287107348442078},"size":69.693359375,"orthographic":true}