{"cameraMode":{"drawMode":1,"name":"Wireframe","section":"Shading Mode"},"sceneLighting":false,"audioPlay":false,"sceneViewState":{"showFog":true,"showMaterialUpdate":false,"showSkybox":false,"showFlares":true,"showImageEffects":true,"showParticleSystems":true},"in2DMode":false,"pivot":{"x":-1.4116863012313843,"y":3.898906707763672,"z":138.3924560546875},"rotation":{"x":0.5414298176765442,"y":0.023953327909111978,"z":-0.01543519925326109,"w":0.8402629494667053},"size":18.591655731201173,"orthographic":true}