{"cameraMode":{"drawMode":0,"name":"Shaded","section":"Shading Mode"},"sceneLighting":false,"audioPlay":false,"sceneViewState":{"showFog":true,"showMaterialUpdate":false,"showSkybox":false,"showFlares":true,"showImageEffects":true,"showParticleSystems":true},"in2DMode":false,"pivot":{"x":-0.26595574617385867,"y":-0.0705866813659668,"z":0.617194652557373},"rotation":{"x":0.10747837275266648,"y":0.668899416923523,"z":-0.0986313447356224,"w":0.7288991808891296},"size":6.320096015930176,"orthographic":true}