{"cameraMode":{"drawMode":0,"name":"Shaded","section":"Shading Mode"},"sceneLighting":false,"audioPlay":false,"sceneViewState":{"showFog":true,"showMaterialUpdate":false,"showSkybox":false,"showFlares":true,"showImageEffects":true,"showParticleSystems":true},"in2DMode":false,"pivot":{"x":-11.892666816711426,"y":-1.4657156467437745,"z":35.93914794921875},"rotation":{"x":0.05759984999895096,"y":-0.6946024298667908,"z":0.05596529692411423,"w":0.7148969173431397},"size":15.614462852478028,"orthographic":true}