{"cameraMode":{"drawMode":0,"name":"Shaded","section":"Shading Mode"},"sceneLighting":false,"audioPlay":false,"sceneViewState":{"showFog":true,"showMaterialUpdate":false,"showSkybox":false,"showFlares":true,"showImageEffects":true,"showParticleSystems":true},"in2DMode":false,"pivot":{"x":93.95062255859375,"y":-1.506898283958435,"z":-64.6243896484375},"rotation":{"x":0.3682433068752289,"y":-0.24912922084331513,"z":0.10310468822717667,"w":0.8897757530212402},"size":33.43245315551758,"orthographic":true}