{"cameraMode":{"drawMode":0,"name":"Shaded","section":"Shading Mode"},"sceneLighting":false,"audioPlay":false,"sceneViewState":{"showFog":true,"showMaterialUpdate":false,"showSkybox":false,"showFlares":true,"showImageEffects":true,"showParticleSystems":true},"in2DMode":false,"pivot":{"x":58.29387664794922,"y":-21.488765716552736,"z":38.51443862915039},"rotation":{"x":0.5322282314300537,"y":-0.14566877484321595,"z":0.09355375170707703,"w":0.8287107348442078},"size":87.34319305419922,"orthographic":true}