{"cameraMode":{"drawMode":0,"name":"Shaded","section":"Shading Mode"},"sceneLighting":false,"audioPlay":false,"sceneViewState":{"showFog":true,"showMaterialUpdate":false,"showSkybox":false,"showFlares":true,"showImageEffects":true,"showParticleSystems":true},"in2DMode":false,"pivot":{"x":-1.2060546875,"y":0.4983682632446289,"z":44.53125},"rotation":{"x":-0.1798354685306549,"y":0.02892313525080681,"z":-0.0052894302643835548,"w":-0.9832571744918823},"size":13.780166625976563,"orthographic":true}