{"cameraMode":{"drawMode":2,"name":"Shaded Wireframe","section":"Shading Mode"},"sceneLighting":false,"audioPlay":false,"sceneViewState":{"showFog":true,"showMaterialUpdate":false,"showSkybox":false,"showFlares":true,"showImageEffects":true,"showParticleSystems":true},"in2DMode":false,"pivot":{"x":-3.3643321990966799,"y":0.44463157653808596,"z":46.66607666015625},"rotation":{"x":0.5010473728179932,"y":0.4989462196826935,"z":-0.49804964661598208,"w":0.5019469261169434},"size":47.257347106933597,"orthographic":true}