{"cameraMode":{"drawMode":0,"name":"Shaded","section":"Shading Mode"},"sceneLighting":false,"audioPlay":false,"sceneViewState":{"showFog":true,"showMaterialUpdate":false,"showSkybox":false,"showFlares":true,"showImageEffects":true,"showParticleSystems":true},"in2DMode":false,"pivot":{"x":-30.0,"y":-1.1920928955078126e-7,"z":48.70000076293945},"rotation":{"x":0.6576136946678162,"y":-0.018074797466397287,"z":0.015785757452249528,"w":0.7529730200767517},"size":5.750549793243408,"orthographic":true}