{"cameraMode":{"drawMode":2,"name":"Shaded Wireframe","section":"Shading Mode"},"sceneLighting":false,"audioPlay":false,"sceneViewState":{"showFog":true,"showMaterialUpdate":false,"showSkybox":false,"showFlares":true,"showImageEffects":true,"showParticleSystems":true},"in2DMode":false,"pivot":{"x":4.210083961486816,"y":2.957343101501465,"z":0.00008413195610046387},"rotation":{"x":-0.07236441969871521,"y":0.3512200117111206,"z":-0.027238141745328904,"w":-0.93309485912323},"size":10.013418197631836,"orthographic":true}