{"cameraMode":{"drawMode":0,"name":"Shaded","section":"Shading Mode"},"sceneLighting":false,"audioPlay":false,"sceneViewState":{"showFog":true,"showMaterialUpdate":false,"showSkybox":false,"showFlares":true,"showImageEffects":true,"showParticleSystems":true},"in2DMode":false,"pivot":{"x":53.7843017578125,"y":-2.103496551513672,"z":55.476497650146487},"rotation":{"x":0.38468658924102785,"y":-0.14174513518810273,"z":0.0599113367497921,"w":0.910129189491272},"size":13.935863494873047,"orthographic":true}