{"cameraMode":{"drawMode":2,"name":"Shaded Wireframe","section":"Shading Mode"},"sceneLighting":true,"audioPlay":false,"sceneViewState":{"showFog":true,"showMaterialUpdate":false,"showSkybox":true,"showFlares":true,"showImageEffects":true,"showParticleSystems":true},"in2DMode":false,"pivot":{"x":-11.97000789642334,"y":1.5969822406768799,"z":0.03652060031890869},"rotation":{"x":-0.00019569889991544187,"y":0.9990439414978027,"z":0.004495716653764248,"w":0.043486010283231738},"size":13.804717063903809,"orthographic":true}