{"cameraMode":{"drawMode":0,"name":"Shaded","section":"Shading Mode"},"sceneLighting":false,"audioPlay":false,"sceneViewState":{"showFog":true,"showMaterialUpdate":false,"showSkybox":false,"showFlares":true,"showImageEffects":true,"showParticleSystems":true},"in2DMode":false,"pivot":{"x":26.000001907348634,"y":-0.002666950225830078,"z":56.0},"rotation":{"x":0.21872061491012574,"y":0.1413998007774353,"z":-0.0320507176220417,"w":0.9649560451507568},"size":19.653562545776368,"orthographic":true}