{"cameraMode":{"drawMode":0,"name":"Shaded","section":"Shading Mode"},"sceneLighting":false,"audioPlay":false,"sceneViewState":{"showFog":true,"showMaterialUpdate":false,"showSkybox":false,"showFlares":true,"showImageEffects":true,"showParticleSystems":true},"in2DMode":false,"pivot":{"x":2.9281580448150636,"y":4.453525543212891,"z":82.30000305175781},"rotation":{"x":0.1002311259508133,"y":-0.6666067242622376,"z":0.09115200489759445,"w":0.7329942584037781},"size":9.281111717224121,"orthographic":true}