{"cameraMode":{"drawMode":0,"name":"Shaded","section":"Shading Mode"},"sceneLighting":false,"audioPlay":false,"sceneViewState":{"showFog":true,"showMaterialUpdate":false,"showSkybox":false,"showFlares":true,"showImageEffects":true,"showParticleSystems":true},"in2DMode":false,"pivot":{"x":76.5999984741211,"y":1.493088722229004,"z":-68.6755142211914},"rotation":{"x":0.22937366366386414,"y":-0.38681772351264956,"z":0.09996581822633743,"w":0.8875622153282166},"size":15.838421821594239,"orthographic":true}