{"cameraMode":{"drawMode":0,"name":"Shaded","section":"Shading Mode"},"sceneLighting":false,"audioPlay":false,"sceneViewState":{"showFog":true,"showMaterialUpdate":false,"showSkybox":false,"showFlares":true,"showImageEffects":true,"showParticleSystems":true},"in2DMode":false,"pivot":{"x":58.29387664794922,"y":-21.488765716552736,"z":38.51443862915039},"rotation":{"x":0.5322281718254089,"y":-0.14566875994205476,"z":0.09355374425649643,"w":0.828710675239563},"size":87.34319305419922,"orthographic":true}