{"cameraMode":{"drawMode":0,"name":"Shaded","section":"Shading Mode"},"sceneLighting":false,"audioPlay":false,"sceneViewState":{"showFog":true,"showMaterialUpdate":false,"showSkybox":false,"showFlares":true,"showImageEffects":true,"showParticleSystems":true},"in2DMode":false,"pivot":{"x":-85.00004577636719,"y":2.312372922897339,"z":40.49783706665039},"rotation":{"x":0.10808327794075012,"y":-0.6940739750862122,"z":0.10660143941640854,"w":0.703715443611145},"size":28.50231170654297,"orthographic":true}