{"cameraMode":{"drawMode":0,"name":"Shaded","section":"Shading Mode"},"sceneLighting":false,"audioPlay":false,"sceneViewState":{"showFog":true,"showMaterialUpdate":false,"showSkybox":false,"showFlares":true,"showImageEffects":true,"showParticleSystems":true},"in2DMode":false,"pivot":{"x":122.67749786376953,"y":3.455315113067627,"z":-62.41471862792969},"rotation":{"x":-0.29543647170066836,"y":0.17722249031066895,"z":-0.05587078630924225,"w":-0.9371168613433838},"size":52.73853302001953,"orthographic":true}