{"cameraMode":{"drawMode":0,"name":"Shaded","section":"Shading Mode"},"sceneLighting":false,"audioPlay":false,"sceneViewState":{"showFog":true,"showMaterialUpdate":false,"showSkybox":false,"showFlares":true,"showImageEffects":true,"showParticleSystems":true},"in2DMode":false,"pivot":{"x":-74.154296875,"y":0.62255859375,"z":31.8779296875},"rotation":{"x":-0.02244788222014904,"y":0.9608590006828308,"z":-0.08177097141742706,"w":-0.26374152302742007},"size":9.705362319946289,"orthographic":true}