{"cameraMode":{"drawMode":0,"name":"Shaded","section":"Shading Mode"},"sceneLighting":false,"audioPlay":false,"sceneViewState":{"showFog":true,"showMaterialUpdate":false,"showSkybox":false,"showFlares":true,"showImageEffects":true,"showParticleSystems":true},"in2DMode":false,"pivot":{"x":4.195490837097168,"y":-1.7216987609863282,"z":44.99512481689453},"rotation":{"x":0.22478346526622773,"y":-0.07445842027664185,"z":0.017229201272130014,"w":0.9714069962501526},"size":29.034839630126954,"orthographic":true}