{"cameraMode":{"drawMode":0,"name":"Shaded","section":"Shading Mode"},"sceneLighting":false,"audioPlay":false,"sceneViewState":{"showFog":true,"showMaterialUpdate":false,"showSkybox":false,"showFlares":true,"showImageEffects":true,"showParticleSystems":true},"in2DMode":false,"pivot":{"x":76.5999984741211,"y":1.493088722229004,"z":-68.6755142211914},"rotation":{"x":0.22937364876270295,"y":-0.38681769371032717,"z":0.09996581077575684,"w":0.8875621557235718},"size":15.838421821594239,"orthographic":true}