{"cameraMode":{"drawMode":0,"name":"Shaded","section":"Shading Mode"},"sceneLighting":false,"audioPlay":false,"sceneViewState":{"showFog":true,"showMaterialUpdate":false,"showSkybox":false,"showFlares":true,"showImageEffects":true,"showParticleSystems":true},"in2DMode":false,"pivot":{"x":4.5,"y":-0.29167699813842776,"z":1.7999999523162842},"rotation":{"x":0.3031148612499237,"y":-0.05000034347176552,"z":0.015927810221910478,"w":0.9515080451965332},"size":7.056054592132568,"orthographic":true}