{"cameraMode":{"drawMode":2,"name":"Shaded Wireframe","section":"Shading Mode"},"sceneLighting":true,"audioPlay":false,"sceneViewState":{"showFog":true,"showMaterialUpdate":false,"showSkybox":true,"showFlares":true,"showImageEffects":true,"showParticleSystems":true},"in2DMode":false,"pivot":{"x":4.600000381469727,"y":-2.914501190185547,"z":-3.190000534057617},"rotation":{"x":0.18738298118114472,"y":0.42858830094337466,"z":-0.09134308993816376,"w":0.8791223168373108},"size":104.70427703857422,"orthographic":true}