{"cameraMode":{"drawMode":0,"name":"Shaded","section":"Shading Mode"},"sceneLighting":false,"audioPlay":false,"sceneViewState":{"showFog":true,"showMaterialUpdate":false,"showSkybox":false,"showFlares":true,"showImageEffects":true,"showParticleSystems":true},"in2DMode":false,"pivot":{"x":-0.18851542472839356,"y":-0.02058553695678711,"z":1.5805730819702149},"rotation":{"x":0.10747837275266648,"y":0.668899416923523,"z":-0.0986313447356224,"w":0.7288991808891296},"size":8.249055862426758,"orthographic":true}