{"cameraMode":{"drawMode":0,"name":"Shaded","section":"Shading Mode"},"sceneLighting":false,"audioPlay":false,"sceneViewState":{"showFog":true,"showMaterialUpdate":false,"showSkybox":false,"showFlares":true,"showImageEffects":true,"showParticleSystems":true},"in2DMode":false,"pivot":{"x":-30.0,"y":0.9634578227996826,"z":48.70000457763672},"rotation":{"x":0.03486201539635658,"y":0.4183799922466278,"z":-0.01607322320342064,"w":0.9074605107307434},"size":11.431534767150879,"orthographic":true}