{"cameraMode":{"drawMode":0,"name":"Shaded","section":"Shading Mode"},"sceneLighting":false,"audioPlay":false,"sceneViewState":{"showFog":true,"showMaterialUpdate":false,"showSkybox":false,"showFlares":true,"showImageEffects":true,"showParticleSystems":true},"in2DMode":false,"pivot":{"x":155.73727416992188,"y":-56.0,"z":-136.01638793945313},"rotation":{"x":0.5322282314300537,"y":-0.14566877484321595,"z":0.09355375170707703,"w":0.8287107348442078},"size":62.939964294433597,"orthographic":true}