{"cameraMode":{"drawMode":2,"name":"Shaded Wireframe","section":"Shading Mode"},"sceneLighting":false,"audioPlay":false,"sceneViewState":{"showFog":true,"showMaterialUpdate":false,"showSkybox":false,"showFlares":true,"showImageEffects":true,"showParticleSystems":true},"in2DMode":false,"pivot":{"x":3.3031904697418215,"y":-0.9887504577636719,"z":50.04003143310547},"rotation":{"x":0.10121703147888184,"y":-0.011938095092773438,"z":0.0012146695517003537,"w":0.9947920441627502},"size":12.87782096862793,"orthographic":true}