{"cameraMode":{"drawMode":0,"name":"Shaded","section":"Shading Mode"},"sceneLighting":false,"audioPlay":false,"sceneViewState":{"showFog":true,"showMaterialUpdate":false,"showSkybox":false,"showFlares":true,"showImageEffects":true,"showParticleSystems":true},"in2DMode":false,"pivot":{"x":-18.811532974243165,"y":-1.4169731140136719,"z":32.03172302246094},"rotation":{"x":-0.05371709540486336,"y":0.9002857208251953,"z":-0.1162334680557251,"w":-0.4160407483577728},"size":9.194331169128418,"orthographic":true}