{"cameraMode":{"drawMode":0,"name":"Shaded","section":"Shading Mode"},"sceneLighting":false,"audioPlay":false,"sceneViewState":{"showFog":true,"showMaterialUpdate":false,"showSkybox":false,"showFlares":true,"showImageEffects":true,"showParticleSystems":true},"in2DMode":false,"pivot":{"x":197.32850646972657,"y":0.9750000238418579,"z":-105.517822265625},"rotation":{"x":0.24982504546642304,"y":-0.05370761454105377,"z":0.013879244215786457,"w":0.9667007327079773},"size":3.6145074367523195,"orthographic":true}