{"cameraMode":{"drawMode":0,"name":"Shaded","section":"Shading Mode"},"sceneLighting":false,"audioPlay":false,"sceneViewState":{"showFog":true,"showMaterialUpdate":false,"showSkybox":false,"showFlares":true,"showImageEffects":true,"showParticleSystems":true},"in2DMode":false,"pivot":{"x":4.450538635253906,"y":-1.3224685192108155,"z":1.7404255867004395},"rotation":{"x":0.003966526594012976,"y":-0.678329348564148,"z":0.003661500522866845,"w":0.7347382307052612},"size":5.463789463043213,"orthographic":true}