{"cameraMode":{"drawMode":0,"name":"Shaded","section":"Shading Mode"},"sceneLighting":false,"audioPlay":false,"sceneViewState":{"showFog":true,"showMaterialUpdate":false,"showSkybox":false,"showFlares":true,"showImageEffects":true,"showParticleSystems":true},"in2DMode":false,"pivot":{"x":-41.6629524230957,"y":-17.088764190673829,"z":54.578773498535159},"rotation":{"x":0.5322282314300537,"y":-0.14566877484321595,"z":0.09355375170707703,"w":0.8287107348442078},"size":96.17047119140625,"orthographic":true}