{"cameraMode":{"drawMode":0,"name":"Shaded","section":"Shading Mode"},"sceneLighting":false,"audioPlay":false,"sceneViewState":{"showFog":true,"showMaterialUpdate":false,"showSkybox":false,"showFlares":true,"showImageEffects":true,"showParticleSystems":true},"in2DMode":false,"pivot":{"x":2.9981870651245119,"y":1.5285592079162598,"z":20.00006103515625},"rotation":{"x":0.07792272418737412,"y":-0.24128934741020204,"z":0.01944100484251976,"w":0.9671244025230408},"size":7.987326145172119,"orthographic":true}