{"cameraMode":{"drawMode":0,"name":"Shaded","section":"Shading Mode"},"sceneLighting":false,"audioPlay":false,"sceneViewState":{"showFog":true,"showMaterialUpdate":false,"showSkybox":false,"showFlares":true,"showImageEffects":true,"showParticleSystems":true},"in2DMode":false,"pivot":{"x":0.2370433807373047,"y":-21.48876190185547,"z":0.07877016067504883},"rotation":{"x":0.5322282314300537,"y":-0.14566877484321595,"z":0.09355375170707703,"w":0.8287107348442078},"size":96.17047119140625,"orthographic":true}