{"cameraMode":{"drawMode":0,"name":"Shaded","section":"Shading Mode"},"sceneLighting":false,"audioPlay":false,"sceneViewState":{"showFog":true,"showMaterialUpdate":false,"showSkybox":false,"showFlares":true,"showImageEffects":true,"showParticleSystems":true},"in2DMode":false,"pivot":{"x":1.46337890625,"y":-1.824544906616211,"z":30.6484375},"rotation":{"x":0.14306862652301789,"y":-0.3034745454788208,"z":0.046144288033246997,"w":0.9409067034721375},"size":24.024089813232423,"orthographic":true}