{"cameraMode":{"drawMode":0,"name":"Shaded","section":"Shading Mode"},"sceneLighting":false,"audioPlay":false,"sceneViewState":{"showFog":true,"showMaterialUpdate":false,"showSkybox":false,"showFlares":true,"showImageEffects":true,"showParticleSystems":true},"in2DMode":false,"pivot":{"x":-0.01118767261505127,"y":0.4961334764957428,"z":0.0},"rotation":{"x":0.11286213994026184,"y":-0.0714757964015007,"z":0.008140134625136853,"w":0.9910030961036682},"size":2.219364643096924,"orthographic":true}