{"cameraMode":{"drawMode":0,"name":"Shaded","section":"Shading Mode"},"sceneLighting":false,"audioPlay":false,"sceneViewState":{"showFog":true,"showMaterialUpdate":false,"showSkybox":false,"showFlares":true,"showImageEffects":true,"showParticleSystems":true},"in2DMode":false,"pivot":{"x":-0.000005245208740234375,"y":-56.0,"z":37.49998474121094},"rotation":{"x":0.6851435899734497,"y":-0.09406272321939469,"z":0.08992229402065277,"w":0.7166900038719177},"size":309.25225830078127,"orthographic":true}