{"cameraMode":{"drawMode":0,"name":"Shaded","section":"Shading Mode"},"sceneLighting":false,"audioPlay":false,"sceneViewState":{"showFog":true,"showMaterialUpdate":false,"showSkybox":false,"showFlares":true,"showImageEffects":true,"showParticleSystems":true},"in2DMode":false,"pivot":{"x":131.22654724121095,"y":3.447502613067627,"z":-60.80216979980469},"rotation":{"x":-0.29543647170066836,"y":0.17722249031066895,"z":-0.05587078630924225,"w":-0.9371168613433838},"size":52.738525390625,"orthographic":true}