{"cameraMode":{"drawMode":0,"name":"Shaded","section":"Shading Mode"},"sceneLighting":false,"audioPlay":false,"sceneViewState":{"showFog":true,"showMaterialUpdate":false,"showSkybox":false,"showFlares":true,"showImageEffects":true,"showParticleSystems":true},"in2DMode":false,"pivot":{"x":-0.000011444091796875,"y":0.009999999776482582,"z":57.0},"rotation":{"x":-0.5103205442428589,"y":0.09709722548723221,"z":-0.05812286213040352,"w":-0.852506160736084},"size":20.234107971191408,"orthographic":true}