{"cameraMode":{"drawMode":0,"name":"Shaded","section":"Shading Mode"},"sceneLighting":false,"audioPlay":false,"sceneViewState":{"showFog":true,"showMaterialUpdate":false,"showSkybox":false,"showFlares":true,"showImageEffects":true,"showParticleSystems":true},"in2DMode":false,"pivot":{"x":0.0,"y":-0.0026170015335083009,"z":15.000000953674317},"rotation":{"x":0.3953592777252197,"y":-0.06055432930588722,"z":0.026131488382816316,"w":0.9161557555198669},"size":5.583181381225586,"orthographic":true}