{"cameraMode":{"drawMode":0,"name":"Shaded","section":"Shading Mode"},"sceneLighting":false,"audioPlay":false,"sceneViewState":{"showFog":true,"showMaterialUpdate":false,"showSkybox":false,"showFlares":true,"showImageEffects":true,"showParticleSystems":true},"in2DMode":false,"pivot":{"x":0.0,"y":0.004019999876618385,"z":-0.12751245498657227},"rotation":{"x":0.0038090008310973646,"y":-0.708581268787384,"z":0.003824816085398197,"w":0.7056086659431458},"size":4.291670799255371,"orthographic":true}