{"cameraMode":{"drawMode":1,"name":"Wireframe","section":"Shading Mode"},"sceneLighting":false,"audioPlay":false,"sceneViewState":{"showFog":true,"showMaterialUpdate":false,"showSkybox":false,"showFlares":true,"showImageEffects":true,"showParticleSystems":true},"in2DMode":false,"pivot":{"x":-47.308990478515628,"y":3.5747323036193849,"z":43.00328826904297},"rotation":{"x":0.036367423832416537,"y":-0.7475070953369141,"z":0.041087403893470767,"w":0.6619837880134583},"size":23.859493255615236,"orthographic":true}