{"cameraMode":{"drawMode":0,"name":"Shaded","section":"Shading Mode"},"sceneLighting":false,"audioPlay":false,"sceneViewState":{"showFog":true,"showMaterialUpdate":false,"showSkybox":false,"showFlares":true,"showImageEffects":true,"showParticleSystems":true},"in2DMode":false,"pivot":{"x":-61.90298080444336,"y":1.985872745513916,"z":50.9603385925293},"rotation":{"x":0.007347311358898878,"y":0.4842275381088257,"z":-0.00406638765707612,"w":0.8749018311500549},"size":9.932421684265137,"orthographic":true}