{"cameraMode":{"drawMode":0,"name":"Shaded","section":"Shading Mode"},"sceneLighting":false,"audioPlay":false,"sceneViewState":{"showFog":true,"showMaterialUpdate":false,"showSkybox":false,"showFlares":true,"showImageEffects":true,"showParticleSystems":true},"in2DMode":false,"pivot":{"x":0.0,"y":1.257902979850769,"z":5.960464477539063e-8},"rotation":{"x":0.15469682216644288,"y":-0.03111531399190426,"z":0.004874478559941053,"w":0.9874598979949951},"size":4.579206466674805,"orthographic":true}