{"cameraMode":{"drawMode":0,"name":"Shaded","section":"Shading Mode"},"sceneLighting":false,"audioPlay":false,"sceneViewState":{"showFog":true,"showMaterialUpdate":false,"showSkybox":false,"showFlares":true,"showImageEffects":true,"showParticleSystems":true},"in2DMode":false,"pivot":{"x":66.78681945800781,"y":3.394866943359375,"z":-43.291202545166019},"rotation":{"x":-0.034081898629665378,"y":-0.7825146317481995,"z":0.04300278052687645,"w":-0.6202096939086914},"size":20.58989143371582,"orthographic":true}