{"cameraMode":{"drawMode":0,"name":"Shaded","section":"Shading Mode"},"sceneLighting":false,"audioPlay":false,"sceneViewState":{"showFog":true,"showMaterialUpdate":false,"showSkybox":false,"showFlares":true,"showImageEffects":true,"showParticleSystems":true},"in2DMode":false,"pivot":{"x":59.900001525878909,"y":-0.7196640968322754,"z":-65.30000305175781},"rotation":{"x":0.3682433068752289,"y":-0.24912922084331513,"z":0.10310468822717667,"w":0.8897757530212402},"size":21.581071853637697,"orthographic":true}