{"cameraMode":{"drawMode":0,"name":"Shaded","section":"Shading Mode"},"sceneLighting":false,"audioPlay":false,"sceneViewState":{"showFog":true,"showMaterialUpdate":false,"showSkybox":false,"showFlares":true,"showImageEffects":true,"showParticleSystems":true},"in2DMode":false,"pivot":{"x":858.9998779296875,"y":-105.00007629394531,"z":0.00000476837158203125},"rotation":{"x":-0.25211405754089358,"y":-0.16195154190063477,"z":0.04284559190273285,"w":-0.953086793422699},"size":1275.71826171875,"orthographic":false}