{"cameraMode":{"drawMode":0,"name":"Shaded","section":"Shading Mode"},"sceneLighting":true,"audioPlay":false,"sceneViewState":{"showFog":true,"showMaterialUpdate":false,"showSkybox":true,"showFlares":true,"showImageEffects":true,"showParticleSystems":true},"in2DMode":false,"pivot":{"x":-14.165935516357422,"y":6.62483024597168,"z":-0.4998115301132202},"rotation":{"x":0.043256934732198718,"y":0.5971994996070862,"z":0.03227997571229935,"w":-0.8002747297286987},"size":6.081663608551025,"orthographic":false}