{"cameraMode":{"drawMode":0,"name":"Shaded","section":"Shading Mode"},"sceneLighting":true,"audioPlay":false,"sceneViewState":{"showFog":true,"showMaterialUpdate":false,"showSkybox":true,"showFlares":true,"showImageEffects":true,"showParticleSystems":true},"in2DMode":false,"pivot":{"x":-57.6544189453125,"y":-155.745849609375,"z":832.6544189453125},"rotation":{"x":-0.010800343938171864,"y":-0.755845308303833,"z":-0.012473182752728463,"w":0.6545424461364746},"size":1749.3594970703125,"orthographic":true}