{"cameraMode":{"drawMode":0,"name":"Shaded","section":"Shading Mode"},"sceneLighting":false,"audioPlay":false,"sceneViewState":{"showFog":true,"showMaterialUpdate":false,"showSkybox":false,"showFlares":true,"showImageEffects":true,"showParticleSystems":true},"in2DMode":false,"pivot":{"x":1.7594833374023438,"y":0.0993046760559082,"z":13.595894813537598},"rotation":{"x":0.4537160098552704,"y":0.014702736400067807,"z":-0.0074869985692203049,"w":0.890993595123291},"size":34.42619323730469,"orthographic":true}