{"cameraMode":{"drawMode":0,"name":"Shaded","section":"Shading Mode"},"sceneLighting":true,"audioPlay":false,"sceneViewState":{"showFog":true,"showMaterialUpdate":false,"showSkybox":true,"showFlares":true,"showImageEffects":true,"showParticleSystems":true},"in2DMode":false,"pivot":{"x":0.0,"y":-0.016565388068556787,"z":-36.292640686035159},"rotation":{"x":-0.12388069927692414,"y":0.5305350422859192,"z":-0.07872410863637924,"w":-0.8348584771156311},"size":5.582481861114502,"orthographic":false}