{"cameraMode":{"drawMode":0,"name":"Shaded","section":"Shading Mode"},"sceneLighting":true,"audioPlay":false,"sceneViewState":{"showFog":true,"showMaterialUpdate":false,"showSkybox":true,"showFlares":true,"showImageEffects":true,"showParticleSystems":true},"in2DMode":false,"pivot":{"x":18.12392234802246,"y":0.9478905200958252,"z":-14.917558670043946},"rotation":{"x":-0.017959266901016237,"y":0.9422935247421265,"z":-0.051226165145635608,"w":-0.3303579092025757},"size":5.288182735443115,"orthographic":false}